input,response
What is the eligibility criteria for MHT CET admissions?,"Candidates must have completed their 10+2 with Physics, Chemistry, and Mathematics, securing a minimum of 45% marks (40% for reserved categories)."
How is the seat allotment done in MHT CET?,"Seat allotment is based on the candidate's rank in the merit list, preferences filled during counseling, and availability of seats in chosen colleges and courses."
What documents are required for MHT CET admission?,"Required documents include 10th and 12th mark sheets, CET score card, Domicile certificate, Caste certificate (if applicable), and other relevant admission forms."
Can I apply for MHT CET after completing a diploma?,"Yes, candidates who have completed a diploma in engineering can apply for MHT CET and may be eligible for direct admission to the second year of engineering courses."
Is there a quota for reserved categories in MHT CET?,"Yes, there are specific reservations for SC, ST, OBC, and other categories in MHT CET admissions. Candidates must provide valid certificates to avail of these quotas."
What is the minimum percentage required for government college admissions?,"Typically, a minimum percentage of 50% in 12th grade is required for general category students and 45% for reserved categories to be eligible for government college admissions."
How long is the MHT CET score valid for admission?,The MHT CET score is valid for one academic year for admissions. You must appear for the exam each year to be eligible for that year's counseling and admissions.
What is the difference between All India and Home State quota?,"Home State quota is reserved for candidates who have completed their education in Maharashtra, while All India quota is open to candidates from other states as well."
How can I check my admission status after counseling?,Admission status can be checked on the official MHT CET website or the dedicated admission portal by entering your application details and CET roll number.
What should I do if I miss the counseling round?,"If you miss the initial counseling round, you may be able to participate in subsequent rounds, depending on the availability of seats and the college's admission policies."
Are there any special provisions for female candidates?,"Yes, some colleges offer reservations or additional seats for female candidates to promote gender diversity in engineering programs."
How do I pay the admission fee for MHT CET?,Admission fees can usually be paid online through the official admission portal using credit/debit cards or net banking. Make sure to keep the transaction receipt.
What if I want to change my preferred college after submitting the form?,Changes in preferred colleges can usually be made during the counseling process if you participate in additional rounds. Check the official guidelines for specific details.
Can I apply for admission to multiple courses through MHT CET?,"Yes, candidates can apply for multiple courses during the counseling process. However, you must prioritize your choices accordingly."
How will I know if my application for admission is accepted?,You will receive an admission confirmation via email or SMS from the admission authorities after the seat allotment process is completed.
Is there a cap on the number of colleges I can apply to?,"No, there is no fixed cap on the number of colleges you can apply to, but you should prioritize your choices wisely during the counseling process to improve your chances."
How can I prepare for the document verification process?,Ensure all documents are original and have attested copies ready. Familiarize yourself with the verification checklist provided by the admission authorities.
Can I appeal if I am not satisfied with my allotted seat?,"Yes, candidates may have the option to appeal or participate in subsequent rounds of counseling if they are not satisfied with their allotted seat."
What is the role of the CAP (Centralized Admission Process)?,"CAP is the process through which admissions are conducted based on the merit list, ensuring a fair and transparent allocation of seats to candidates in various colleges."
How do I find out the cutoff for specific colleges?,"Cutoff scores for specific colleges can be found on the official MHT CET website or the respective college's admission portal, usually published after the counseling rounds."
What are the exam dates for MHT CET?,MHT CET is usually conducted in May. Please check the official website for the exact dates for the current year.
What is the format of the MHT CET exam?,"The MHT CET exam consists of multiple-choice questions from Physics, Chemistry, and Mathematics. Each subject typically has 50 questions."
How do I download my MHT CET admit card?,You can download your admit card from the official MHT CET website by entering your registration details. Ensure to carry a printed copy on the exam day.
What should I do if there is a discrepancy in my admit card?,"If you find any discrepancies in your admit card, contact the examination authority immediately for corrections and guidance on how to proceed."
Is there negative marking in MHT CET?,"No, there is no negative marking in the MHT CET exam, so you can attempt all questions without the fear of losing marks for incorrect answers."
Can I change my exam center after submitting the application?,"Once the application is submitted, you cannot change the exam center. Make sure to select a convenient location when filling out your application."
When will the MHT CET results be announced?,MHT CET results are typically announced in June. You can check the results on the official MHT CET website.
How is the MHT CET score calculated?,"The MHT CET score is calculated based on the number of correct answers. Each correct answer earns a certain number of marks, and the total determines your score."
What is the counseling procedure for MHT CET?,"The counseling process involves registration, choice filling, document verification, and seat allotment based on the CET scores and preferences."
What if I qualify for MHT CET but donâ€™t get a seat?,"If you qualify but do not get a seat, you can participate in subsequent counseling rounds or apply to other colleges that accept MHT CET scores."
What are the best strategies for preparing for MHT CET?,"Effective strategies include creating a study schedule, practicing previous years' papers, taking mock tests, and focusing on time management during the exam."
How can I improve my Mathematics score in MHT CET?,"To improve your Mathematics score, practice regularly, focus on understanding concepts, and solve a variety of problems from previous years' question papers."
Is there a minimum score required to qualify for CET?,"There is no official minimum score, but you should aim for a competitive percentile to secure a seat in good colleges. Generally, a score above 70 is preferred."
What is the role of the MHT CET merit list?,The merit list ranks candidates based on their CET scores and determines eligibility for seat allotment during the counseling process.
How do I fill my choices for college during counseling?,"After registration for counseling, you will be guided to fill in your preferred colleges and courses based on your rank. Make sure to prioritize your choices wisely."
What is the difference between the MHT CET and JEE?,"MHT CET is specific to Maharashtra for engineering admissions, while JEE (Joint Entrance Examination) is a national-level exam for various engineering colleges across India."
Can I apply for CET if I am a non-resident of Maharashtra?,"Yes, non-residents can apply for MHT CET, but eligibility criteria may vary based on the category of seats (home, all-India, etc.)."
Are there any specific coaching centers for MHT CET preparation?,"Yes, many coaching centers offer MHT CET preparation courses. Research and select one that suits your learning style and needs."
What is the importance of mock tests for MHT CET?,"Mock tests help familiarize you with the exam pattern, improve time management skills, and identify areas that need more practice."
How do I stay updated on MHT CET announcements?,Stay updated by regularly checking the official MHT CET website or following their official social media channels for the latest news and announcements.
Is there any provision for students with disabilities in MHT CET?,"Yes, there are provisions for students with disabilities, including extra time and specific accommodations during the exam. Check the official guidelines for details."
How can I get help if I face technical issues during the online exam?,Contact the helpline provided by the examination authority for immediate assistance during the exam if you face technical issues.
Hi,Hello! How can I assist you with your admissions process?
How are you?,I'm here to help you with admission-related queries!
Thank You,You're welcome! ðŸ˜Š
What is CET in engineering?,"CET stands for Common Entrance Test for engineering, a competitive exam for admissions to undergraduate engineering courses."
Who is eligible to take the CET exam for engineering?,"Candidates who have completed their 10+2 with Physics, Chemistry, and Mathematics are eligible to appear for the CET exam."
What is the application process for CET?,"To apply for CET, candidates need to register online on the official website, provide details, upload required documents, and pay the application fee."
What documents are needed for CET application?,"You will need the CET scorecard, 10th and 12th mark sheets, caste certificate (if applicable), domicile certificate, and a passport-sized photograph."
What is the syllabus for CET?,"The CET syllabus covers Physics, Chemistry, and Mathematics topics from 10+2 education, with variations depending on state and conducting authority."
How is the CET exam conducted?,"The CET exam is usually conducted online and consists of multiple-choice questions. The duration is typically 3 hours, with no negative marking."
What is the selection process after CET?,"After the CET exam, candidates participate in counseling rounds based on their rank. Seats are allotted based on preference and availability."
What types of application forms are required?,"You typically need the counseling registration form, CET application form, and any additional forms required by the specific colleges you are applying to."
Where can I find the application forms?,Application forms are usually available on the official websites of the respective colleges or the CET conducting authority's website.
How do I submit my application form?,Most applications are submitted online through the college or CET official website. Some colleges may also accept physical submissions; check their guidelines.
Is there an application fee for CET?,"Yes, there is generally an application fee for submitting forms, which varies by college and may range from â‚¹500 to â‚¹2000."
What if I have a gap year?,"You can mention your gap year in your application or statement of purpose, explaining how you utilized that time constructively, such as pursuing internships or self-study."
What is Freeze?,Candidates who are satisfied with their allotted seats and do not want to participate in further rounds select this option. It confirms their seat and they will not participate further.
What is Slide?,This option allows candidates to accept their allotted seat but still be open to upgrading to a higher-preferred course in the same institute.
What is Float?,"This option allows candidates to upgrade to a higher-preferred choice of course at any institute, canceling their previous seat if a new choice is allotted."
What is Merit List?,"After the declaration of results, the exam authority releases a provisional merit list online based on marks secured in the entrance exam."
What are the top engineering colleges in Maharashtra?,"Here are the top colleges in Maharashtra: COEP Pune, VJTI Mumbai, GHRCE Nagpur, SPIT Mumbai, RCOEM Nagpur, YCCE Nagpur, WCE Sangli, MIT World Peace University Pune, MKSSS's Cummins College of Engineering for Women Pune, DJSCE Mumbai."
What documents are needed for counseling?,"You typically need your CET scorecard, counseling registration form, identity proof, and any relevant documents that verify your academic credentials."
How can I prepare for the document verification process?,"Ensure all your documents are complete, originals are available, and you have multiple photocopies of each required document for the verification process."
What is the process for receiving a scholarship?,"The process usually involves applying through the respective scholarship portal, providing required documents, and sometimes attending interviews or fulfilling other criteria."
What should I include in my scholarship application essay?,"Your scholarship application essay should include your academic achievements, career goals, reasons for needing financial assistance, and how the scholarship will help you achieve your goals."
What if I am rejected for a scholarship?,"If you are rejected, you can seek feedback on your application and consider applying for other scholarships. Many scholarships have multiple rounds of applications."
How can I ensure I meet the eligibility criteria for CET?,Review the eligibility criteria listed on the scholarship application form or official scholarship website carefully to ensure you meet all requirements before applying.
What types of scholarships are available for CET students?,"Scholarships include government scholarships, merit-based scholarships, need-based scholarships, and private scholarships offered by organizations and colleges."
How do I apply for government scholarships?,"To apply for government scholarships, visit the official scholarship portal, fill out the application form, and provide the required documents."
What is the eligibility for government scholarships?,"Eligibility criteria vary by scholarship, but they often require a minimum percentage in qualifying exams and financial need."
What is the difference between merit-based and need-based scholarships?,"Merit-based scholarships are awarded based on academic achievements, while need-based scholarships are provided to students who demonstrate financial need."
Can I apply for multiple scholarships?,"Yes, you can apply for multiple scholarships, but ensure you meet the eligibility criteria for each and do not exceed any application limits."
What is the minimum percentile to qualify for good colleges?,"A percentile above 70 is generally considered good for top engineering colleges, while those below may need to consider lower-ranked colleges or alternatives."
What is the counseling process for CET?,"The counseling process involves registration, document verification, choice filling, and seat allotment based on the candidate's merit rank and preferences."
What are the cutoff marks for popular engineering colleges?,Cutoff marks vary each year and depend on factors like the number of applicants and seat availability. It is best to check the respective college websites for the latest cutoff information.
What if I miss the CET exam?,"If you miss the CET exam, you may have to wait until the next academic year to apply, or you can explore other entrance exams that the colleges may accept."
Are there any scholarships specifically for minorities?,"Yes, many scholarships are available for minority students, which often have specific eligibility criteria and application processes."
How do I check the status of my scholarship application?,You can check the status of your scholarship application through the scholarship portal or by contacting the scholarship office directly.
What is the procedure for filling out the admission form?,"The procedure generally involves visiting the official website, downloading the admission form, filling it out with the required details, and submitting it along with necessary documents."
What is the format of the MHT CET exam?,"The MHT CET exam consists of multiple-choice questions (MCQs) from Physics, Chemistry, and Mathematics, with each subject having a specific number of questions and marks."
How can I download my MHT CET scorecard?,The MHT CET scorecard can be downloaded from the official MHT CET website by entering your application number and date of birth after the results are announced.
Is there a negative marking in the MHT CET exam?,"No, there is no negative marking for incorrect answers in the MHT CET exam, allowing candidates to attempt as many questions as they wish without penalty."
Can I change my exam center after the application submission?,"Changes to the exam center are generally not allowed after submission; however, candidates may check the official website for any specific guidelines or exceptions."
What is the age limit to apply for MHT CET?,"There is no upper age limit to apply for MHT CET; however, candidates must meet the minimum eligibility criteria related to educational qualifications."
What is the process for filling the MHT CET application form?,"The process includes registration on the official website, filling in personal and academic details, uploading documents, and paying the application fee."
Can I apply for MHT CET without appearing for the exam?,"No, candidates must appear for the MHT CET exam to be eligible for admission to engineering courses through this entrance test."
Are there any coaching classes recommended for MHT CET preparation?,"Many coaching classes offer training for MHT CET; popular options include Aakash Institute, Allen Career Institute, and Resonance. Candidates should choose based on their needs."
What should I do if I face technical issues during the online exam?,Candidates should immediately contact the helpline provided by the examination authority for technical support during the exam.
Are there specific categories for admission under minority status?,"Yes, certain colleges have reserved seats for candidates belonging to minority communities, including linguistic and religious minorities."
How can I get a scholarship for MHT CET admissions?,Scholarships can be obtained by meeting eligibility criteria set by government bodies or institutions; candidates should apply for them during the admission process.
What are the important dates for MHT CET 2024?,"Important dates include application form release, exam dates, result announcements, and counseling schedules, which are usually available on the official website."
How is the inter-se merit determined for tied scores?,"In case of tied scores, inter-se merit is determined based on the marks obtained in Mathematics, then Physics, and finally by the date of birth, with older candidates preferred."
What are the common mistakes to avoid during the application process?,"Common mistakes include incorrect personal details, not uploading documents in the correct format, and missing the application fee payment."
How can I prepare for the MHT CET exam effectively?,"Effective preparation strategies include practicing past papers, taking mock tests, focusing on weak areas, and maintaining a regular study schedule."
Are there any guidelines for physically challenged candidates?,"Yes, physically challenged candidates should check specific guidelines for reservations and necessary documentation to avail of special provisions during admissions."
What are the career prospects after completing an engineering degree through MHT CET?,"Graduates can pursue careers in various fields, including IT, civil services, research, teaching, or higher studies such as M.Tech or MBA."
Which colleges accept MHT CET scores for engineering?,"Numerous colleges accept MHT CET scores, including COEP Pune, VJTI Mumbai, SPIT Mumbai, RCOEM Nagpur, and more. A comprehensive list is available on the official website."
How can I check the cut-off for colleges accepting MHT CET scores?,The cut-off scores for various colleges are typically published on the official MHT CET website after the results are declared. Candidates should check there for details.
Are there any government colleges that accept MHT CET scores?,"Yes, many government colleges such as VJTI, COEP, and government engineering colleges in various districts accept MHT CET scores for admission."
Can I get admission to a private college with a low CET score?,Admission to private colleges with a low CET score depends on the college's specific cut-off and availability of seats. Some private institutions may have lower cut-offs.
What documents are required for admission to colleges accepting CET scores?,"Generally required documents include CET scorecard, SSC and HSC mark sheets, caste certificate (if applicable), and other relevant admission forms."
Do all colleges have the same eligibility criteria for MHT CET admissions?,"No, eligibility criteria may vary by college. Candidates should check individual college requirements for specific eligibility details."
How do I know if a college is affiliated with a recognized university?,College affiliation information can typically be found on the college's official website or the website of the respective university.
What is the admission process for colleges accepting MHT CET scores?,"The process usually includes online registration, document verification, seat allocation based on merit, and final admission confirmation at the chosen college."
Are there any colleges that offer management quotas for CET admissions?,Some private colleges may offer management quotas for admissions. Candidates should check specific colleges for details on management quota availability and criteria.
Can I change my preferred college after the initial selection?,Changing your preferred college after the initial selection is subject to the rules set by the admission authority. Candidates should check the guidelines for details.
What are the best colleges for engineering in Maharashtra based on CET scores?,"Some of the best colleges include COEP, VJTI, SPIT, and more. Rankings may vary based on different criteria, so candidates should research based on their preferences."
Are there any colleges that offer scholarship programs for CET rank holders?,"Yes, several colleges offer scholarships based on CET ranks. Candidates should inquire with individual colleges about their scholarship programs and eligibility criteria."
How can I contact colleges for inquiries regarding admission through CET?,"Candidates can usually find contact information on the official college website, including phone numbers and email addresses for admission inquiries."
Do colleges provide any counseling services for CET applicants?,"Many colleges offer counseling services to help students with the admission process, including course selection and career guidance. Candidates should check with specific colleges."
What is the role of CAP (Centralized Admission Process) in CET admissions?,"CAP facilitates the admission process by managing the allocation of seats in colleges based on CET scores and preferences, ensuring a fair and organized admission process."
What are the top engineering colleges in Mumbai that accept MHT CET scores?,"1. VJTI (Veermata Jijabai Technological Institute) 
 2. SPIT (Sardar Patel Institute of Technology) 
 3. DJSCE (Dwarkadas J. Sanghvi College of Engineering) 
 4. TSEC (Thadomal Shahani Engineering College) 
 5. VIT Mumbai (Vishwakarma Institute of Technology Mumbai)"
What are the top engineering colleges in Pune that accept MHT CET scores?,"1. COEP (College of Engineering, Pune) 
 2. MIT Pune (MIT World Peace University) 
 3. Cummins College of Engineering for Women 
 4. PICT (Pune Institute of Computer Technology) 
 5. VIT Pune (Vishwakarma Institute of Technology Pune)"
Which engineering colleges in Nagpur accept MHT CET scores?,"1. RCOEM (Rajiv Gandhi College of Engineering and Management) 
 2. GHRCE (G.H. Raisoni College of Engineering) 
 3. YCCE (Yeshwantrao Chavan College of Engineering) 
 4. KDK College of Engineering 
 5. JDIET (J.D. Institute of Engineering and Technology)"
Can you list the top engineering colleges in Nashik that accept MHT CET scores?,"1. K.K. Wagh Institute of Engineering Education and Research 
 2. Smt. Chandaben Home Science College 
 3. J.D. College of Engineering and Management 
 4. Nashik Engineering College 
 5. J.T. Mahajan College of Engineering"
What are the top engineering colleges in Aurangabad that accept MHT CET scores?,"1. Government College of Engineering, Aurangabad 
 2. Dr. S. S. M. College of Engineering and Technology 
 3. R. M. D. Sinhgad School of Engineering 
 4. P. A. Inamdar College of Engineering and Technology 
 5. JSPM Narhe Technical Campus"
Which engineering colleges in Solapur accept MHT CET scores?,"1. Smt. Kashibai Navale College of Engineering 
 2. Government College of Engineering, Solapur 
 3. S. B. Patil College of Engineering 
 4. Smt. Chandaben Home Science College 
 5. S. K. N. Sinhgad College of Engineering"
What are the top engineering colleges in Kolhapur that accept MHT CET scores?,"1. Shivaji University College of Engineering 
 2. KCT's N. S. S. College of Engineering 
 3. Rajarambapu Institute of Technology 
 4. Government College of Engineering, Karad 
 5. S. S. R. S. College of Engineering"
Which engineering colleges in Thane accept MHT CET scores?,"1. Thadomal Shahani Engineering College 
 2. VIVA College of Arts, Science, and Commerce 
 3. Smt. Chandaben Home Science College 
 4. Universal College of Engineering 
 5. Ramrao Adik Institute of Technology"